reservation_ID,Reserved_user,reservation_created_date,Inventory_id,Inventory_name,Inventory_logo,Reservation_status,Reservation_status_comments,Reservation_expiry_date,Books
120,“sihi”,01-01-2023,47586767383838,“Learning python”,image,“Issued”,“please return the book by feb 1st”,01-02-2023,"""item1"""
121,"""sumuk""",01-02-2023,999999999999,"""java""",image,"""issued""","""plz return on march""",01-03-2023,"""item1"""
122,"""cheru""",03-03-2023,222222222222,"""java""",image,"""issued""","""plz return on apr""",01-04-2023,"""item1"""
123,"""l""",03-04-2023,222222222241,"""java""",image,"""issued""","""plz return on apr""",01-05-2023,"""item1"""
124,"""e""",03-05-2023,22222222242,"""java""",image,"""issued""","""plz return on apr""",01-06-2023,"""item1"""
125,"""kk""",03-06-2023,222222222243,"""java""",image,"""issued""","""plz return on apr""",01-07-2023,"""item1"""
126,"""j""",03-07-2023,222222222244,"""java""",image,"""issued""","""plz return on apr""",01-08-2023,"""item1"""
127,"""p""",03-08-2023,222222222245,"""java""",image,"""issued""","""plz return on apr""",01-09-2023,"""item1"""
128,"""o""",03-09-2023,222222222246,"""java""",image,"""issued""","""plz return on apr""",01-10-2023,"""item1"""
129,"""h""",03-10-2023,222222222247,"""java""",image,"""issued""","""plz return on apr""",01-11-2023,"""item1"""
130,"""h""",03-11-2023,222222222248,"""java""",image,"""issued""","""plz return on apr""",01-12-2023,"""item1"""
131,"""g""",03-12-2023,222222222249,"""java""",image,"""issued""","""plz return on apr""",01-13-2023,"""item1"""
134,"""f""",03-13-2023,222222222250,"""java""",image,"""issued""","""plz return on apr""",01-14-2023,"""item1"""
135,"""rr""",03-14-2023,222222222222,"""java""",image,"""issued""","""plz return on apr""",01-15-2023,"""item1"""
136,"""dd""",03-15-2023,222222222222,"""java""",image,"""issued""","""plz return on apr""",01-16-2023,"""item1"""
137,"""rd""",03-16-2023,222222222222,"""java""",image,"""issued""","""plz return on apr""",01-17-2023,"""item1"""
138,"""w""",03-17-2023,222222222222,"""java""",image,"""issued""","""plz return on apr""",01-18-2023,"""item1"""
139,"""qq""",03-18-2023,222222222222,"""java""",image,"""PENDING""","""plz return on apr""",01-19-2023,"""item1"""
140,"""po""",03-19-2023,222222222222,"""java""",image,"""PENDING""","""plz return on apr""",01-20-2023,"""item1"""
142,"""qw""",03-20-2023,222222222222,"""java""",image,"""PENDING""","""plz return on apr""",01-21-2023,"""item1"""
143,"""tg""",03-21-2023,222222222222,"""java""",image,"""PENDING""","""plz return on apr""",01-22-2023,"""item1"""
144,"""hg""",03-22-2023,222222222222,"""java""",image,"""PENDING""","""plz return on apr""",01-23-2023,"""item1"""
145,"""ql""",03-23-2023,222222222222,"""java""",image,"""PENDING""","""plz return on apr""",01-24-2023,"""item1"""
146,"""kke""",03-24-2023,222222222222,"""java""",image,"""PENDING""","""plz return on apr""",01-25-2023,"""item1"""
147,"""jl""",03-25-2023,222222222222,"""java""",image,"""PENDING""","""plz return on apr""",01-26-2023,"""item1"""
148,"""hat""",03-26-2023,222222222222,"""java""",image,"""PENDING""","""plz return on apr""",01-27-2023,"""item1"""
149,"""mat""",03-27-2023,222222222222,"""java""",image,"""PENDING""","""plz return on apr""",01-28-2023,"""item1"""
150,"""ladder""",03-28-2023,222222222222,"""ds""",image,"""PENDING""","""plz return on apr""",01-29-2023,"""item1"""
151,"""covo""",03-29-2023,222222222222,"""ds""",image,"""PENDING""","""plz return on apr""",01-30-2023,"""item1"""
152,"""jjll""",03-30-2023,222222222222,"""ds""",image,"""PENDING""","""plz return on apr""",01-31-2023,"""item1"""
153,"""yyy""",03-31-2023,222222222222,"""ds""",image,"""PENDING""","""plz return on apr""",02-01-2023,"""item1"""
154,"""gfg""",04-01-2023,222222222222,"""ds""",image,"""PENDING""","""plz return on apr""",02-02-2023,"""item1"""
155,"""jjjll""",04-02-2023,222222222222,"""ds""",image,"""PENDING""","""plz return on apr""",02-03-2023,"""item1"""
156,"""iiuiu""",04-03-2023,222222222222,"""ds""",image,"""PENDING""","""plz return on apr""",02-04-2023,"""item1"""
157,"""ouy""",04-04-2023,222222222222,"""ds""",image,"""PENDING""","""plz return on apr""",02-05-2023,"""item1"""
158,"""fd""",04-05-2023,222222222222,"""ds""",image,"""PENDING""","""plz return on apr""",02-06-2023,"""item1"""
159,"""ds""",04-06-2023,222222222222,"""ds""",image,"""PENDING""","""plz return on apr""",02-07-2023,"""item1"""
160,"""govi""",04-07-2023,222222222222,"""ds""",image,"""PENDING""","""plz return on apr""",02-08-2023,"""item1"""
161,"""dsa""",04-08-2023,222222222222,"""DM""",image,"""PENDING""","""plz return on apr""",02-09-2023,"""item1"""
162,"""hhjj""",04-09-2023,222222222222,"""DM""",image,"""PENDING""","""plz return on apr""",02-10-2023,"""item1"""
163,"""tt""",04-10-2023,222222222222,"""DM""",image,"""PENDING""","""plz return on apr""",02-11-2023,"""item1"""
164,"""fr""",04-11-2023,222222222222,"""DM""",image,"""PENDING""","""plz return on apr""",02-12-2023,"""item1"""
165,"""de""",04-12-2023,222222222222,"""DM""",image,"""PENDING""","""plz return on apr""",02-13-2023,"""item1"""
166,"""te""",04-13-2023,222222222222,"""DM""",image,"""PENDING""","""plz return on apr""",02-14-2023,"""item1"""
167,"""kk""",04-14-2023,222222222222,"""DM""",image,"""PENDING""","""plz return on apr""",02-15-2023,"""item1"""
168,"""ew""",04-15-2023,222222222222,"""DM""",image,"""PENDING""","""plz return on apr""",02-16-2023,"""item1"""
169,"""poo""",04-16-2023,222222222222,"""DM""",image,"""PENDING""","""plz return on apr""",02-17-2023,"""item1"""
170,"""poolo""",04-17-2023,222222222222,"""DM""",image,"""PENDING""","""plz return on apr""",02-18-2023,"""item1"""
171,"""ola""",04-18-2023,222222222222,"""ML""",image,"""PENDING""","""plz return on apr""",02-19-2023,"""item1"""
172,"""uber""",04-19-2023,222222222222,"""ML""",image,"""PENDING""","""plz return on apr""",02-20-2023,"""item1"""
173,"""laddu""",04-20-2023,222222222222,"""ML""",image,"""PENDING""","""plz return on apr""",02-21-2023,"""item1"""
174,"""jeera""",04-21-2023,222222222222,"""ML""",image,"""PENDING""","""plz return on apr""",02-22-2023,"""item1"""
175,"""jehu""",04-22-2023,222222222222,"""ML""",image,"""PENDING""","""plz return on apr""",02-23-2023,"""item1"""
176,"""prachi""",04-23-2023,222222222222,"""ML""",image,"""PENDING""","""plz return on apr""",02-24-2023,"""item1"""
177,"""re""",04-24-2023,222222222222,"""ML""",image,"""PENDING""","""plz return on apr""",02-25-2023,"""item1"""
178,"""ggggggg""",04-25-2023,222222222222,"""ML""",image,"""PENDING""","""plz return on apr""",02-26-2023,"""item1"""
179,"""ter""",04-26-2023,222222222222,"""ML""",image,"""PENDING""","""plz return on apr""",02-27-2023,"""item1"""
180,"""root""",04-27-2023,222222222222,"""ML""",image,"""PENDING""","""plz return on apr""",02-28-2023,"""item1"""
181,"""k""",04-28-2023,222222222222,"""ML""",image,"""PENDING""","""plz return on apr""",03-01-2023,"""item1"""
182,"""m""",04-29-2023,222222222222,"""ML""",image,"""PENDING""","""plz return on apr""",03-02-2023,"""item1"""
183,"""n""",04-30-2023,222222222222,"""ML""",image,"""PENDING""","""plz return on apr""",03-03-2023,"""item1"""
184,"""j""",05-01-2023,222222222222,"""PYTHON ADVANCE",image,"""PENDING""","""plz return on apr""",03-04-2023,"""item1"""
185,"""uuy""",05-02-2023,222222222222,"""PYTHON ADVANCE",image,"""PENDING""","""plz return on apr""",03-05-2023,"""item1"""
186,"""wew""",05-03-2023,222222222222,"""PYTHON ADVANCE",image,"""PENDING""","""plz return on apr""",03-06-2023,"""item1"""
187,"""eeeeeee""",05-04-2023,222222222222,"""PYTHON ADVANCE",image,"""PENDING""","""plz return on apr""",03-07-2023,"""item1"""
188,"""gtgt""",05-05-2023,222222222222,"""PYTHON ADVANCE",image,"""PENDING""","""plz return on apr""",03-08-2023,"""item1"",""item2"""